http://www.ormco.com/img/products/stb/overview-treament-8-months.png
http://www.amsterdamdental.com/images/lingual.png
http://galwaybraces.com/wp-content/uploads/2014/03/48.jpg
http://crossboworthodontic.com/idb lingual upper after.jpg
http://www.onedentalclinic.co.uk/wp-content/themes/onedental/images/patients/orthodontics/stb-lingual-before-and-after-1.jpg
http://img.webmd.com/dtmcms/live/webmd/consumer_assets/site_images/media/medical/hw/hwkb17_073_001.jpg
http://www.onedentalclinic.co.uk/wp-content/themes/onedental/images/patients/orthodontics/stb-lingual-before-and-after-11.jpg
http://www.ortho-centre.co.uk/wp-content/uploads/2012/02/Lingual-Arch.jpg
http://www.ormco.com/img/products/stb/overview-treament-3-months.png
http://imavex.vo.llnwd.net/o18/clients/johnsdental/images/ORTHO_Retention/Lingual_Arch_Soldered_WEB_copy.jpg
http://www.piercingtime.com/images/273/lingual-frenulum-piercing-with-blue-barbell.jpg
http://www.institutortodoncia.com/wp-content/uploads/2014/10/image_lingual-3.jpg
http://www.trisadental.in/images/lingual_orthodontics/orthodontics.jpg
http://yorkplacedental.com/orthodontictreatment/wp-content/uploads/2015/03/Lingual-top-and-bottom-model.jpg
http://www.teamorthodontics.com/wp-content/uploads/2015/07/braces.jpg
http://www.brightonimplantclinic.co.uk/wp-content/uploads/2015/05/upper-lingual.jpg
http://www.360dentalcare.co.uk/images/stb-lingual-braces-bottom.jpg
http://crossboworthodontic.com/idb lingual lower before.jpg
http://www.coventgardendentalspa.co.uk/wp-content/uploads/2015/07/Invisible-lingual.jpg
http://www.odermatol.com/wp-content/uploads/image/2012_3/Lingual Kochs1j.jpg
http://bestceramicbraces.com/wp-content/uploads/2015/07/Lingual-Braces-Cost-.jpg
http://imavex.vo.llnwd.net/o18/clients/johnsdental/images/ORTHO_Retention/Lingual_Bar_multi_pads_WEB.jpg
https://www.accutechortho.com/sites/default/files/styles/product_slider_image/public/BLR Intra oral.jpg?itok=oPH3Jbvd
http://www.smilecliniq.com/images/lingual1.jpg
http://www.mussenhealth.us/electron-microscopy/images/1886_280_160-anterior-lingual-gland.jpg
http://www.denverortho.net/wp-content/uploads/2016/04/LINGUAL-BRACES.jpg
http://www.studiocirulli.it/media/k2/items/cache/8e5f062e9750688c028aaa3058da9ec4_XL.jpg?ml=5&mlt=system&tmpl=component
http://www.ismilespecialists.com/sites/default/files/Lingual Myleene Klass Brace.jpg
http://clearbracesmanchester.co.uk/blog/wp-content/uploads/2016/01/Manchester-Clear-Braces-–-The-Pros-and-Cons-of-Going-Lingual.jpg
http://crossboworthodontic.com/idb lingual upper before.jpg
https://www.researchgate.net/profile/Vito_Briganti/publication/6682249/figure/fig2/AS:277906753376258@1443269541169/Fig-2-Case-no-1-lingual-mucocele-after-15-days-of-treatment.png
http://www.drdigney.com/_media/images/procedures-images/frenectomy/lingual-pre-op.jpg
http://www.identalhub.com/images/files/Lingual Braces.jpg
http://www.medillustrationstudio.com/Images/Uploads/CatalogDetail/LingualNerve.jpg
http://lecl.hosting.praxiskom.com/uploads/pics/lingual_multibagues_01.jpg
http://www.nottinghamsmiles.co.uk/images/gallery/lingual/case1.jpg
http://www.ortodonciabarcelona.com/images/stories/Tipos-ortodoncia/lingual.png
http://medicalpoint.org/wp-content/uploads/2014/12/transient-lingual-papillitis-pictures.jpg
http://diersorthodontics.com/uploadIMG/Misc_Pics/embeddedLA.jpg
http://crossboworthodontic.com/idb lingual lower after.jpg
https://www.smlglobal.com/sites/default/files/styles/detail_gallery/public/lingual_arch.jpg?itok=omkQa7WP